{"schemaVersion":"1.0","appDefinitionTemplate":{"id":"/providers/Microsoft.PowerApps/apps/","type":"Microsoft.PowerApps/apps","tags":{"primaryDeviceWidth":"1366","primaryDeviceHeight":"768","supportsPortrait":"true","supportsLandscape":"true","primaryFormFactor":"Tablet","showStatusBar":"false","publisherVersion":"3.25123.14","minimumRequiredApiVersion":"2.2.0","hasComponent":"false","hasUnlockedComponent":"false","isUnifiedRootApp":"false","sienaVersion":"20260113T233327Z-3.25123.14.0"},"properties":{"appVersion":"2026-01-13T23:33:27Z","lifeCycleId":"Published","createdByClientVersion":{"major":3,"minor":25123,"build":14,"revision":0,"majorRevision":0,"minorRevision":0},"minClientVersion":{"major":3,"minor":25123,"build":14,"revision":0,"majorRevision":0,"minorRevision":0},"backgroundColor":"RGBA(0,176,240,1)","backgroundImageUri":"/5826748703848843862/N460a7610-e87d-4d7b-95fa-7323c21c92de-logoSmallFile","displayName":"APP_Solucitudes","description":"","commitMessage":"","appUris":{"documentUri":{"value":"/5826748703848843862/N851de585-fee6-40da-87f3-1f8afc73a16b-document.msapp"},"imageUris":[],"additionalUris":[{"isSolutionAware":false,"value":"/5826748703848843862/N650a1fca-0847-40dc-9656-b7f016490852-identity.json"}]},"createdTime":"0001-01-01T00:00:00Z","lastModifiedTime":"0001-01-01T00:00:00Z","sharedGroupsCount":0,"sharedUsersCount":0,"connectionReferences":{"d5285e75-8799-4096-9982-dc86454d884d":{"id":"f4396351-6775-48de-84e5-2818283e0033","displayName":"SharePoint","iconUri":"https://conn-afd-prod-endpoint-bmc9bqahasf3grgk.b01.azurefd.net/v1.0.1769/1.0.1769.4352/sharepointonline/icon.png","dataSources":["Solicitudes"],"dependencies":[],"dependents":[],"parameterHints":{},"parameterHintsV2":{},"isOnPremiseConnection":false,"bypassConsent":false,"dataSets":{"https://educamed.sharepoint.com/sites/SitioPruebas":{"dataSources":{"Solicitudes":{"tableName":"6349119c-91d5-4ce3-b5b7-ee4d88c82bbe"}}}},"apiTier":"Standard","isCustomApiConnection":false,"actions":["providers/PowerPlatform.Governance/Operations/Read"]}},"databaseReferences":{},"almMode":"Environment","performanceOptimizationEnabled":true,"canConsumeAppPass":true,"enableModernRuntimeMode":false,"executionRestrictions":{"isTeamsOnly":false,"dataLossPreventionEvaluationResult":{"status":"Compliant","lastEvaluationDate":"2026-01-13T23:33:34.5850574Z","violations":[],"violationsByPolicy":[],"violationErrorMessage":"The app uses the following connectors: shared_sharepointonline."}}},"isAppComponentLibrary":false,"appType":"ClassicCanvasApp","appComponents":[]}}